Ralph,ABRAHAM,Representative  Ralph ABRAHAM,1954- ,Representative,Republican,LA,114
Alma,ADAMS,Representative  Alma ADAMS,1946- ,Representative,Democrat,NC,114
Robert,ADERHOLT,Representative  Robert ADERHOLT,1965- ,Representative,Republican,AL,114
Peter Rey,AGUILAR,Representative  Peter Rey AGUILAR,1979- ,Representative,Democrat,CA,114
Rick W.,ALLEN,Representative  Rick W. ALLEN,1951- ,Representative,Republican,GA,114
Justin,AMASH,Representative  Justin AMASH,1980- ,Representative,Republican,MI,114
Mark E.,AMODEI,Representative  Mark E. AMODEI,1958- ,Representative,Republican,NV,114
John Bradley,ASHFORD,Representative  John Bradley ASHFORD,1949- ,Representative,Democrat,NE,114
Brian,BABIN,Representative  Brian BABIN,1948- ,Representative,Republican,TX,114
Lou,BARLETTA,Representative  Lou BARLETTA,1956- ,Representative,Republican,PA,114
Garland H. (Andy) IV,BARR,Representative  Garland H. (Andy) IV BARR,1973- ,Representative,Republican,KY,114
Joe Linus,BARTON,Representative  Joe Linus BARTON,1949- ,Representative,Republican,TX,114
Karen,BASS,Representative  Karen BASS,1953- ,Representative,Democrat,CA,114
Joyce,BEATTY,Representative  Joyce BEATTY,1950- ,Representative,Democrat,OH,114
Xavier,BECERRA,Representative  Xavier BECERRA,1958- ,Representative,Democrat,CA,114
Dan,BENISHEK,Representative  Dan BENISHEK,1952- ,Representative,Republican,MI,114
Ami,BERA,Representative  Ami BERA,1965- ,Representative,Democrat,CA,114
Donald Sternoff Jr.,BEYER,Representative  Donald Sternoff Jr. BEYER,1950- ,Representative,Democrat,VA,114
Gus,BILIRAKIS,Representative  Gus BILIRAKIS,1963- ,Representative,Republican,FL,114
Michael Dean,BISHOP,Representative  Michael Dean BISHOP,1967- ,Representative,Republican,MI,114
Robert (Rob),BISHOP,Representative  Robert (Rob) BISHOP,1951- ,Representative,Republican,UT,114
Sanford Dixon,BISHOP Jr.,Representative  Sanford Dixon BISHOP Jr.,1947- ,Representative,Democrat,GA,114
Diane,BLACK,Representative  Diane BLACK,1951- ,Representative,Republican,TN,114
Marsha,BLACKBURN,Representative  Marsha BLACKBURN,1952- ,Representative,Republican,TN,114
Rod,BLUM,Representative  Rod BLUM,1955- ,Representative,Republican,IA,114
Earl,BLUMENAUER,Representative  Earl BLUMENAUER,1948- ,Representative,Democrat,OR,114
John Andrew,BOEHNER,Representative  John Andrew BOEHNER,1949- ,Representative,Republican,OH,114
Suzanne,BONAMICI,Representative  Suzanne BONAMICI,1954- ,Representative,Democrat,OR,114
Mike,BOST,Representative  Mike BOST,1960- ,Representative,Republican,IL,114
Charles W.,BOUSTANY,Representative  Charles W. BOUSTANY,1956- ,Representative,Republican,LA,114
Brendan Francis,BOYLE,Representative  Brendan Francis BOYLE,1977- ,Representative,Democrat,PA,114
Kevin Patrick,BRADY,Representative  Kevin Patrick BRADY,1955- ,Representative,Republican,TX,114
Robert A.,BRADY,Representative  Robert A. BRADY,1945- ,Representative,Democrat,PA,114
David A.,BRAT,Representative  David A. BRAT,1964- ,Representative,Republican,VA,114
Jim,BRIDENSTINE,Representative  Jim BRIDENSTINE,1975- ,Representative,Republican,OK,114
Mo,BROOKS,Representative  Mo BROOKS,1954- ,Representative,Republican,AL,114
Susan,BROOKS,Representative  Susan BROOKS,1960- ,Representative,Republican,IN,114
Corrine,BROWN,Representative  Corrine BROWN,1946- ,Representative,Democrat,FL,114
Julia,BROWNLEY,Representative  Julia BROWNLEY,1952- ,Representative,Democrat,CA,114
Vernon G.,BUCHANAN,Representative  Vernon G. BUCHANAN,1951- ,Representative,Republican,FL,114
Kenneth Robert,BUCK,Representative  Kenneth Robert BUCK,1959- ,Representative,Republican,CO,114
Larry,BUCSHON,Representative  Larry BUCSHON,1962- ,Representative,Republican,IN,114
Michael C.,BURGESS,Representative  Michael C. BURGESS,1950- ,Representative,Republican,TX,114
Cheri,BUSTOS,Representative  Cheri BUSTOS,1961- ,Representative,Democrat,IL,114
George Kenneth,BUTTERFIELD Jr. (G.K.),Representative  George Kenneth BUTTERFIELD  Jr. (G.K.),1947- ,Representative,Democrat,NC,114
Bradley,BYRNE,Representative  Bradley BYRNE,1955- ,Representative,Republican,AL,114
Ken,CALVERT,Representative  Ken CALVERT,1953- ,Representative,Republican,CA,114
Lois,CAPPS,Representative  Lois CAPPS,1938- ,Representative,Democrat,CA,114
Michael Everett,CAPUANO,Representative  Michael Everett CAPUANO,1952- ,Representative,Democrat,MA,114
Tony,CARDENAS,Representative  Tony CARDENAS,1963- ,Representative,Democrat,CA,114
John C.,CARNEY Jr.,Representative  John C. CARNEY Jr.,1956- ,Representative,Democrat,DE,114
Andre,CARSON,Representative  Andre CARSON,1974- ,Representative,Democrat,IN,114
Buddy,CARTER,Representative  Buddy CARTER,1957- ,Representative,Republican,GA,114
John R.,CARTER,Representative  John R. CARTER,1941- ,Representative,Republican,TX,114
Matt,CARTWRIGHT,Representative  Matt CARTWRIGHT,1961- ,Representative,Democrat,PA,114
Kathy,CASTOR,Representative  Kathy CASTOR,1966- ,Representative,Democrat,FL,114
Joaquin,CASTRO,Representative  Joaquin CASTRO,1974- ,Representative,Democrat,TX,114
Steve,CHABOT,Representative  Steve CHABOT,1953- ,Representative,Republican,OH,114
Jason,CHAFFETZ,Representative  Jason CHAFFETZ,1967- ,Representative,Republican,UT,114
Judy,CHU,Representative  Judy CHU,1953- ,Representative,Democrat,CA,114
David N.,CICILLINE,Representative  David N. CICILLINE,1961- ,Representative,Democrat,RI,114
Katherine M.,CLARK,Representative  Katherine M. CLARK,1963- ,Representative,Democrat,MA,114
Yvette Diane,CLARKE,Representative  Yvette Diane CLARKE,1964- ,Representative,Democrat,NY,114
Curt,CLAWSON,Representative  Curt CLAWSON,1959- ,Representative,Republican,FL,114
William Lacy,CLAY Jr.,Representative  William Lacy CLAY Jr.,1956- ,Representative,Democrat,MO,114
Emanuel,CLEAVER II,Representative  Emanuel CLEAVER II,1944- ,Representative,Democrat,MO,114
James Enos,CLYBURN,Representative  James Enos CLYBURN,1940- ,Representative,Democrat,SC,114
Mike,COFFMAN,Representative  Mike COFFMAN,1955- ,Representative,Republican,CO,114
Stephen,COHEN,Representative  Stephen COHEN,1949- ,Representative,Democrat,TN,114
Tom,COLE,Representative  Tom COLE,1949- ,Representative,Republican,OK,114
Chris,COLLINS,Representative  Chris COLLINS,1950- ,Representative,Republican,NY,114
Doug,COLLINS,Representative  Doug COLLINS,1966- ,Representative,Republican,GA,114
Barbara J.,COMSTOCK,Representative  Barbara J. COMSTOCK,1959- ,Representative,Republican,VA,114
K. Michael,CONAWAY,Representative  K. Michael CONAWAY,1948- ,Representative,Republican,TX,114
Gerald E. (Gerry),CONNOLLY,Representative  Gerald E. (Gerry) CONNOLLY,1950- ,Representative,Democrat,VA,114
John,CONYERS Jr.,Representative  John CONYERS Jr.,1929- ,Representative,Democrat,MI,114
Paul,COOK,Representative  Paul COOK,1943- ,Representative,Republican,CA,114
James Hayes Shofner,COOPER,Representative  James Hayes Shofner COOPER,1954- ,Representative,Democrat,TN,114
Jim,COSTA,Representative  Jim COSTA,1952- ,Representative,Democrat,CA,114
Ryan,COSTELLO,Representative  Ryan COSTELLO,1976- ,Representative,Republican,PA,114
Joe,COURTNEY,Representative  Joe COURTNEY,1953- ,Representative,Democrat,CT,114
Kevin,CRAMER,Representative  Kevin CRAMER,1961- ,Representative,Republican,ND,114
Rick,CRAWFORD,Representative  Rick CRAWFORD,1966- ,Representative,Republican,AR,114
Ander,CRENSHAW,Representative  Ander CRENSHAW,1944- ,Representative,Republican,FL,114
Joseph,CROWLEY,Representative  Joseph CROWLEY,1962- ,Representative,Democrat,NY,114
Henry,CUELLAR,Representative  Henry CUELLAR,1955- ,Representative,Democrat,TX,114
John,CULBERSON,Representative  John CULBERSON,1956- ,Representative,Republican,TX,114
Elijah Eugene,CUMMINGS,Representative  Elijah Eugene CUMMINGS,1951- ,Representative,Democrat,MD,114
Carlos,CURBELO,Representative  Carlos CURBELO,1980- ,Representative,Republican,FL,114
Danny K.,DAVIS,Representative  Danny K. DAVIS,1941- ,Representative,Democrat,IL,114
Rodney,DAVIS,Representative  Rodney DAVIS,1970- ,Representative,Republican,IL,114
Susan A.,DAVIS,Representative  Susan A. DAVIS,1944- ,Representative,Democrat,CA,114
Peter Anthony,DeFAZIO,Representative  Peter Anthony DeFAZIO,1947- ,Representative,Democrat,OR,114
Diana,DeGETTE,Representative  Diana DeGETTE,1957- ,Representative,Democrat,CO,114
John,DELANEY,Representative  John DELANEY,1963- ,Representative,Democrat,MD,114
Rosa L.,DeLAURO,Representative  Rosa L. DeLAURO,1943- ,Representative,Democrat,CT,114
Suzan K.,DelBENE,Representative  Suzan K. DelBENE,1962- ,Representative,Democrat,WA,114
Jeff,DENHAM,Representative  Jeff DENHAM,1967- ,Representative,Republican,CA,114
Charles W.,DENT,Representative  Charles W. DENT,1960- ,Representative,Republican,PA,114
Ron,DeSANTIS,Representative  Ron DeSANTIS,1978- ,Representative,Republican,FL,114
Mark James,DESAULNIER,Representative  Mark James DESAULNIER,1952- ,Representative,Democrat,CA,114
Scott,DESJARLAIS,Representative  Scott DESJARLAIS,1964- ,Representative,Republican,TN,114
Theodore E. (Ted),DEUTCH,Representative  Theodore E. (Ted) DEUTCH,1966- ,Representative,Democrat,FL,114
Mario,DIAZ-BALART,Representative  Mario DIAZ-BALART,1961- ,Representative,Republican,FL,114
Debbie,DINGELL,Representative  Debbie DINGELL,1953- ,Representative,Democrat,MI,114
Lloyd Alton,DOGGETT II,Representative  Lloyd Alton DOGGETT II,1946- ,Representative,Democrat,TX,114
Robert,DOLD,Representative  Robert DOLD,1969- ,Representative,Republican,IL,114
Daniel M.,DONOVAN Jr.,Representative  Daniel M. DONOVAN Jr.,1956- ,Representative,Republican,NY,114
Michael F.,DOYLE,Representative  Michael F. DOYLE,1953- ,Representative,Democrat,PA,114
Tammy,DUCKWORTH,Representative  Tammy DUCKWORTH,1968- ,Representative,Democrat,IL,114
Sean,DUFFY,Representative  Sean DUFFY,1971- ,Representative,Republican,WI,114
Jeff,DUNCAN,Representative  Jeff DUNCAN,1966- ,Representative,Republican,SC,114
John J.,DUNCAN Jr.,Representative  John J. DUNCAN Jr.,1947- ,Representative,Republican,TN,114
Donna F.,EDWARDS,Representative  Donna F. EDWARDS,1958- ,Representative,Democrat,MD,114
Keith,ELLISON,Representative  Keith ELLISON,1963- ,Representative,Democrat,MN,114
Renee,ELLMERS,Representative  Renee ELLMERS,1964- ,Representative,Republican,NC,114
Thomas Earl II,EMMER,Representative  Thomas Earl II EMMER,1961- ,Representative,Republican,MN,114
Eliot Lance,ENGEL,Representative  Eliot Lance ENGEL,1947- ,Representative,Democrat,NY,114
Anna Georges,ESHOO,Representative  Anna Georges ESHOO,1942- ,Representative,Democrat,CA,114
Elizabeth,ESTY,Representative  Elizabeth ESTY,1959- ,Representative,Democrat,CT,114
Blake,FARENTHOLD,Representative  Blake FARENTHOLD,1961- ,Representative,Republican,TX,114
Sam,FARR,Representative  Sam FARR,1941- ,Representative,Democrat,CA,114
Chaka,FATTAH,Representative  Chaka FATTAH,1956- ,Representative,Democrat,PA,114
Stephen Lee,FINCHER,Representative  Stephen Lee FINCHER,1973- ,Representative,Republican,TN,114
Michael G.,FITZPATRICK,Representative  Michael G. FITZPATRICK,1963- ,Representative,Republican,PA,114
Chuck,FLEISCHMANN,Representative  Chuck FLEISCHMANN,1962- ,Representative,Republican,TN,114
John,FLEMING,Representative  John FLEMING,1951- ,Representative,Republican,LA,114
Bill,FLORES,Representative  Bill FLORES,1954- ,Representative,Republican,TX,114
J. Randy,FORBES,Representative  J. Randy FORBES,1952- ,Representative,Republican,VA,114
Jeff,FORTENBERRY,Representative  Jeff FORTENBERRY,1960- ,Representative,Republican,NE,114
Bill,FOSTER,Representative  Bill FOSTER,1955- ,Representative,Democrat,IL,114
Virginia Ann,FOXX,Representative  Virginia Ann FOXX,1943- ,Representative,Republican,NC,114
Lois,FRANKEL,Representative  Lois FRANKEL,1948- ,Representative,Democrat,FL,114
Trent,FRANKS,Representative  Trent FRANKS,1957- ,Representative,Republican,AZ,114
Rodney P.,FRELINGHUYSEN,Representative  Rodney P. FRELINGHUYSEN,1946- ,Representative,Republican,NJ,114
Marcia L.,FUDGE,Representative  Marcia L. FUDGE,1952- ,Representative,Democrat,OH,114
Tulsi,GABBARD,Representative  Tulsi GABBARD,1981- ,Representative,Democrat,HI,114
Ruben,GALLEGO,Representative  Ruben GALLEGO,1979- ,Representative,Democrat,AZ,114
John,GARAMENDI,Representative  John GARAMENDI,1945- ,Representative,Democrat,CA,114
Scott,GARRETT,Representative  Scott GARRETT,1959- ,Representative,Republican,NJ,114
Bob,GIBBS,Representative  Bob GIBBS,1954- ,Representative,Republican,OH,114
Christopher,GIBSON,Representative  Christopher GIBSON,1964- ,Representative,Republican,NY,114
Louie,GOHMERT,Representative  Louie GOHMERT,1953- ,Representative,Republican,TX,114
Robert William,GOODLATTE,Representative  Robert William GOODLATTE,1952- ,Representative,Republican,VA,114
Paul,GOSAR,Representative  Paul GOSAR,1958- ,Representative,Republican,AZ,114
Trey,GOWDY,Representative  Trey GOWDY,1964- ,Representative,Republican,SC,114
Gwendolyn (Gwen),GRAHAM,Representative  Gwendolyn (Gwen) GRAHAM,1963- ,Representative,Democrat,FL,114
Kay,GRANGER,Representative  Kay GRANGER,1943- ,Representative,Republican,TX,114
Garret,GRAVES,Representative  Garret GRAVES,1972- ,Representative,Republican,LA,114
Samuel,GRAVES,Representative  Samuel GRAVES,1963- ,Representative,Republican,MO,114
Tom,GRAVES,Representative  Tom GRAVES,1970- ,Representative,Republican,GA,114
Alan,GRAYSON,Representative  Alan GRAYSON,1958- ,Representative,Democrat,FL,114
Al,GREEN,Representative  Al GREEN,1947- ,Representative,Democrat,TX,114
Raymond Eugene (Gene),GREEN,Representative  Raymond Eugene (Gene) GREEN,1947- ,Representative,Democrat,TX,114
H. Morgan,GRIFFITH,Representative  H. Morgan GRIFFITH,1958- ,Representative,Republican,VA,114
Raul M.,GRIJALVA,Representative  Raul M. GRIJALVA,1948- ,Representative,Democrat,AZ,114
Glenn,GROTHMAN,Representative  Glenn GROTHMAN,1955- ,Representative,Republican,WI,114
Frank,GUINTA,Representative  Frank GUINTA,1970- ,Representative,Republican,NH,114
Brett,GUTHRIE,Representative  Brett GUTHRIE,1964- ,Representative,Republican,KY,114
Luis V.,GUTIeRREZ,Representative  Luis V. GUTIeRREZ,1953- ,Representative,Democrat,IL,114
Janice,HAHN,Representative  Janice HAHN,1952- ,Representative,Democrat,CA,114
Richard,HANNA,Representative  Richard HANNA,1951- ,Representative,Republican,NY,114
Cresent Leo,HARDY,Representative  Cresent Leo HARDY,1957- ,Representative,Republican,NV,114
Gregg,HARPER,Representative  Gregg HARPER,1956- ,Representative,Republican,MS,114
Andy,HARRIS,Representative  Andy HARRIS,1957- ,Representative,Republican,MD,114
Vicky,HARTZLER,Representative  Vicky HARTZLER,1960- ,Representative,Republican,MO,114
Alcee Lamar,HASTINGS,Representative  Alcee Lamar HASTINGS,1936- ,Representative,Democrat,FL,114
Denny,HECK,Representative  Denny HECK,1952- ,Representative,Democrat,WA,114
Joe,HECK,Representative  Joe HECK,1961- ,Representative,Republican,NV,114
Jeb,HENSARLING,Representative  Jeb HENSARLING,1957- ,Representative,Republican,TX,114
Jaime,HERRERA BEUTLER,Representative  Jaime HERRERA BEUTLER,1978- ,Representative,Republican,WA,114
Jody Brownlow,HICE,Representative  Jody Brownlow HICE,1960- ,Representative,Republican,GA,114
Brian,HIGGINS,Representative  Brian HIGGINS,1959- ,Representative,Democrat,NY,114
French,HILL,Representative  French HILL,1956- ,Representative,Republican,AR,114
James A.,HIMES,Representative  James A. HIMES,1966- ,Representative,Democrat,CT,114
Ruben,HINOJOSA,Representative  Ruben HINOJOSA,1940- ,Representative,Democrat,TX,114
George E.B.,HOLDING,Representative  George E.B. HOLDING,1968- ,Representative,Republican,NC,114
Mike,HONDA,Representative  Mike HONDA,1941- ,Representative,Democrat,CA,114
Steny Hamilton,HOYER,Representative  Steny Hamilton HOYER,1939- ,Representative,Democrat,MD,114
Richard,HUDSON,Representative  Richard HUDSON,1971- ,Representative,Republican,NC,114
Tim,HUELSKAMP,Representative  Tim HUELSKAMP,1968- ,Representative,Republican,KS,114
Jared,HUFFMAN,Representative  Jared HUFFMAN,1964- ,Representative,Democrat,CA,114
Bill,HUIZENGA,Representative  Bill HUIZENGA,1969- ,Representative,Republican,MI,114
Randy,HULTGREN,Representative  Randy HULTGREN,1966- ,Representative,Republican,IL,114
Duncan Duane,HUNTER,Representative  Duncan Duane HUNTER,1976- ,Representative,Republican,CA,114
William Ballard,HURD,Representative  William Ballard HURD,1977- ,Representative,Republican,TX,114
Robert,HURT,Representative  Robert HURT,1969- ,Representative,Republican,VA,114
Steve,ISRAEL,Representative  Steve ISRAEL,1958- ,Representative,Democrat,NY,114
Darrell,ISSA,Representative  Darrell ISSA,1953- ,Representative,Republican,CA,114
Sheila,JACKSON LEE,Representative  Sheila JACKSON LEE,1950- ,Representative,Democrat,TX,114
Hakeem,JEFFRIES,Representative  Hakeem JEFFRIES,1970- ,Representative,Democrat,NY,114
Evan H.,JENKINS,Representative  Evan H. JENKINS,1960- ,Representative,Republican,WV,114
Lynn,JENKINS,Representative  Lynn JENKINS,1963- ,Representative,Republican,KS,114
Bill,JOHNSON,Representative  Bill JOHNSON,1954- ,Representative,Republican,OH,114
Eddie Bernice,JOHNSON,Representative  Eddie Bernice JOHNSON,1935- ,Representative,Democrat,TX,114
Hank,JOHNSON,Representative  Hank JOHNSON,1954- ,Representative,Democrat,GA,114
Sam,JOHNSON,Representative  Sam JOHNSON,1930- ,Representative,Republican,TX,114
David W.,JOLLY,Representative  David W. JOLLY,1972- ,Representative,Republican,FL,114
Walter Beaman,JONES Jr.,Representative  Walter Beaman JONES Jr.,1943- ,Representative,Republican,NC,114
Jim,JORDAN,Representative  Jim JORDAN,1964- ,Representative,Republican,OH,114
David,JOYCE,Representative  David JOYCE,1957- ,Representative,Republican,OH,114
Marcia Carolyn (Marcy),KAPTUR,Representative  Marcia Carolyn (Marcy) KAPTUR,1946- ,Representative,Democrat,OH,114
John,KATKO,Representative  John KATKO,1962- ,Representative,Republican,NY,114
William R.,KEATING,Representative  William R. KEATING,1952- ,Representative,Democrat,MA,114
Mike,KELLY,Representative  Mike KELLY,1948- ,Representative,Republican,PA,114
Robin L.,KELLY,Representative  Robin L. KELLY,1956- ,Representative,Democrat,IL,114
Trent,KELLY,Representative  Trent KELLY,1966- ,Representative,Republican,MS,114
Joseph P. III,KENNEDY,Representative  Joseph P. III KENNEDY,1980- ,Representative,Democrat,MA,114
Dan,KILDEE,Representative  Dan KILDEE,1958- ,Representative,Democrat,MI,114
Derek,KILMER,Representative  Derek KILMER,1974- ,Representative,Democrat,WA,114
Ron,KIND,Representative  Ron KIND,1963- ,Representative,Democrat,WI,114
Peter T.,KING,Representative  Peter T. KING,1944- ,Representative,Republican,NY,114
Steve,KING,Representative  Steve KING,1949- ,Representative,Republican,IA,114
Adam,KINZINGER,Representative  Adam KINZINGER,1978- ,Representative,Republican,IL,114
Ann,KIRKPATRICK,Representative  Ann KIRKPATRICK,1950- ,Representative,Democrat,AZ,114
John,KLINE,Representative  John KLINE,1947- ,Representative,Republican,MN,114
Steve,KNIGHT,Representative  Steve KNIGHT,1966- ,Representative,Republican,CA,114
Ann McLane,KUSTER,Representative  Ann McLane KUSTER,1956- ,Representative,Democrat,NH,114
Raul R.,LABRADOR,Representative  Raul R. LABRADOR,1967- ,Representative,Republican,ID,114
Darin,LaHOOD,Representative  Darin LaHOOD,1968- ,Representative,Republican,IL,114
Doug,LaMALFA,Representative  Doug LaMALFA,1960- ,Representative,Republican,CA,114
Doug,LAMBORN,Representative  Doug LAMBORN,1954- ,Representative,Republican,CO,114
Leonard,LANCE,Representative  Leonard LANCE,1952- ,Representative,Republican,NJ,114
James,LANGEVIN,Representative  James LANGEVIN,1964- ,Representative,Democrat,RI,114
Richard Ray (Rick),LARSEN,Representative  Richard Ray (Rick) LARSEN,1965- ,Representative,Democrat,WA,114
John B.,LARSON,Representative  John B. LARSON,1948- ,Representative,Democrat,CT,114
Robert E.,LATTA,Representative  Robert E. LATTA,1956- ,Representative,Republican,OH,114
Brenda L,LAWRENCE,Representative  Brenda L LAWRENCE,1954- ,Representative,Democrat,MI,114
Barbara,LEE,Representative  Barbara LEE,1946- ,Representative,Democrat,CA,114
Sander Martin,LEVIN,Representative  Sander Martin LEVIN,1931- ,Representative,Democrat,MI,114
John R.,LEWIS,Representative  John R. LEWIS,1940- ,Representative,Democrat,GA,114
Ted,LIEU,Representative  Ted LIEU,1969- ,Representative,Democrat,CA,114
Daniel,LIPINSKI,Representative  Daniel LIPINSKI,1966- ,Representative,Democrat,IL,114
Frank A.,LoBIONDO,Representative  Frank A. LoBIONDO,1946- ,Representative,Republican,NJ,114
Dave,LOEBSACK,Representative  Dave LOEBSACK,1952- ,Representative,Democrat,IA,114
Zoe,LOFGREN,Representative  Zoe LOFGREN,1947- ,Representative,Democrat,CA,114
Billy,LONG,Representative  Billy LONG,1955- ,Representative,Republican,MO,114
Barry D.,LOUDERMILK,Representative  Barry D. LOUDERMILK,1963- ,Representative,Republican,GA,114
Ludmya Bourdeau (Mia),LOVE,Representative  Ludmya Bourdeau (Mia) LOVE,1975- ,Representative,Republican,UT,114
Alan,LOWENTHAL,Representative  Alan LOWENTHAL,1941- ,Representative,Democrat,CA,114
Nita M.,LOWEY,Representative  Nita M. LOWEY,1937- ,Representative,Democrat,NY,114
Frank D.,LUCAS,Representative  Frank D. LUCAS,1960- ,Representative,Republican,OK,114
Blaine,LUETKEMEYER,Representative  Blaine LUETKEMEYER,1952- ,Representative,Republican,MO,114
Michelle,LUJAN GRISHAM,Representative  Michelle LUJAN GRISHAM,1959- ,Representative,Democrat,NM,114
Ben Ray,LUJAN,Representative  Ben Ray LUJAN,1972- ,Representative,Democrat,NM,114
Cynthia M.,LUMMIS,Representative  Cynthia M. LUMMIS,1954- ,Representative,Republican,WY,114
Stephen F.,LYNCH,Representative  Stephen F. LYNCH,1955- ,Representative,Democrat,MA,114
Thomas Charles,MacARTHUR,Representative  Thomas Charles MacARTHUR,1960- ,Representative,Republican,NJ,114
Carolyn Bosher,MALONEY,Representative  Carolyn Bosher MALONEY,1946- ,Representative,Democrat,NY,114
Sean Patrick,MALONEY,Representative  Sean Patrick MALONEY,1966- ,Representative,Democrat,NY,114
Kenny,MARCHANT,Representative  Kenny MARCHANT,1951- ,Representative,Republican,TX,114
Thomas A.,MARINO,Representative  Thomas A. MARINO,1952- ,Representative,Republican,PA,114
Thomas,MASSIE,Representative  Thomas MASSIE,1971- ,Representative,Republican,KY,114
Doris,MATSUI,Representative  Doris MATSUI,1944- ,Representative,Democrat,CA,114
Kevin,MCCARTHY,Representative  Kevin MCCARTHY,1965- ,Representative,Republican,CA,114
Michael T.,McCAUL,Representative  Michael T. McCAUL,1962- ,Representative,Republican,TX,114
Tom,McCLINTOCK,Representative  Tom McCLINTOCK,1956- ,Representative,Republican,CA,114
Betty,McCOLLUM,Representative  Betty McCOLLUM,1954- ,Representative,Democrat,MN,114
James A.,McDERMOTT,Representative  James A. McDERMOTT,1936- ,Representative,Democrat,WA,114
James P.,McGOVERN,Representative  James P. McGOVERN,1959- ,Representative,Democrat,MA,114
Patrick T.,McHENRY,Representative  Patrick T. McHENRY,1975- ,Representative,Republican,NC,114
David,McKINLEY,Representative  David McKINLEY,1947- ,Representative,Republican,WV,114
Cathy,McMORRIS RODGERS,Representative  Cathy McMORRIS RODGERS,1969- ,Representative,Republican,WA,114
Jerry,McNERNEY,Representative  Jerry McNERNEY,1951- ,Representative,Democrat,CA,114
Martha,McSALLY,Representative  Martha McSALLY,1966- ,Representative,Republican,AZ,114
Mark,MEADOWS,Representative  Mark MEADOWS,1959- ,Representative,Republican,NC,114
Patrick,MEEHAN,Representative  Patrick MEEHAN,1955- ,Representative,Republican,PA,114
Gregory W.,MEEKS,Representative  Gregory W. MEEKS,1953- ,Representative,Democrat,NY,114
Grace,MENG,Representative  Grace MENG,1975- ,Representative,Democrat,NY,114
Luke,MESSER,Representative  Luke MESSER,1969- ,Representative,Republican,IN,114
John L.,MICA,Representative  John L. MICA,1943- ,Representative,Republican,FL,114
Candice S.,MILLER,Representative  Candice S. MILLER,1954- ,Representative,Republican,MI,114
Jefferson B. (Jeff),MILLER,Representative  Jefferson B. (Jeff) MILLER,1959- ,Representative,Republican,FL,114
John,MOOLENAAR,Representative  John MOOLENAAR,1961- ,Representative,Republican,MI,114
Alex X.,MOONEY,Representative  Alex X. MOONEY,1971- ,Representative,Republican,WV,114
Gwendolynne S. (Gwen),MOORE,Representative  Gwendolynne S. (Gwen) MOORE,1951- ,Representative,Democrat,WI,114
Seth,MOULTON,Representative  Seth MOULTON,1978- ,Representative,Democrat,MA,114
Markwayne,MULLIN,Representative  Markwayne MULLIN,1977- ,Representative,Republican,OK,114
Mick,MULVANEY,Representative  Mick MULVANEY,1967- ,Representative,Republican,SC,114
Patrick,MURPHY,Representative  Patrick MURPHY,1983- ,Representative,Democrat,FL,114
Timothy,MURPHY,Representative  Timothy MURPHY,1952- ,Representative,Republican,PA,114
Jerrold Lewis,NADLER,Representative  Jerrold Lewis NADLER,1947- ,Representative,Democrat,NY,114
Grace Flores,NAPOLITANO,Representative  Grace Flores NAPOLITANO,1936- ,Representative,Democrat,CA,114
Richard Edmund,NEAL,Representative  Richard Edmund NEAL,1949- ,Representative,Democrat,MA,114
Randy,NEUGEBAUER,Representative  Randy NEUGEBAUER,1949- ,Representative,Republican,TX,114
Daniel Milton,NEWHOUSE,Representative  Daniel Milton NEWHOUSE,1955- ,Representative,Republican,WA,114
Kristi,NOEM,Representative  Kristi NOEM,1971- ,Representative,Republican,SD,114
Richard Michael,NOLAN,Representative  Richard Michael NOLAN,1943- ,Representative,Democrat,MN,114
Donald,NORCROSS,Representative  Donald NORCROSS,1958- ,Representative,Democrat,NJ,114
Richard,NUGENT,Representative  Richard NUGENT,1951- ,Representative,Republican,FL,114
Devin,NUNES,Representative  Devin NUNES,1973- ,Representative,Republican,CA,114
Alan,NUNNELEE,Representative  Alan NUNNELEE,1958-2015,Representative,Republican,MS,114
Pete,OLSON,Representative  Pete OLSON,1962- ,Representative,Republican,TX,114
Beto,O'ROURKE,Representative  Beto O'ROURKE,1972- ,Representative,Democrat,TX,114
Steven,PALAZZO,Representative  Steven PALAZZO,1970- ,Representative,Republican,MS,114
Frank,PALLONE Jr.,Representative  Frank PALLONE Jr.,1951- ,Representative,Democrat,NJ,114
Gary James,PALMER,Representative  Gary James PALMER,1954- ,Representative,Republican,AL,114
William J.,PASCRELL Jr.,Representative  William J. PASCRELL Jr.,1937- ,Representative,Democrat,NJ,114
Erik,PAULSEN,Representative  Erik PAULSEN,1965- ,Representative,Republican,MN,114
Donald,PAYNE Jr.,Representative  Donald PAYNE Jr.,1958- ,Representative,Democrat,NJ,114
Stevan,PEARCE,Representative  Stevan PEARCE,1947- ,Representative,Republican,NM,114
Nancy,PELOSI,Representative  Nancy PELOSI,1940- ,Representative,Democrat,CA,114
Ed,PERLMUTTER,Representative  Ed PERLMUTTER,1953- ,Representative,Democrat,CO,114
Scott,PERRY,Representative  Scott PERRY,1962- ,Representative,Republican,PA,114
Scott,PETERS,Representative  Scott PETERS,1958- ,Representative,Democrat,CA,114
Collin Clark,PETERSON,Representative  Collin Clark PETERSON,1944- ,Representative,Democrat,MN,114
Chellie,PINGREE,Representative  Chellie PINGREE,1955- ,Representative,Democrat,ME,114
Robert,PITTENGER,Representative  Robert PITTENGER,1948- ,Representative,Republican,NC,114
Joseph R.,PITTS,Representative  Joseph R. PITTS,1939- ,Representative,Republican,PA,114
Mark,POCAN,Representative  Mark POCAN,1964- ,Representative,Democrat,WI,114
Ted,POE,Representative  Ted POE,1948- ,Representative,Republican,TX,114
Bruce Lee,POLIQUIN,Representative  Bruce Lee POLIQUIN,1953- ,Representative,Republican,ME,114
Jared,POLIS,Representative  Jared POLIS,1975- ,Representative,Democrat,CO,114
Mike,POMPEO,Representative  Mike POMPEO,1963- ,Representative,Republican,KS,114
Bill,POSEY,Representative  Bill POSEY,1947- ,Representative,Republican,FL,114
David Eugene,PRICE,Representative  David Eugene PRICE,1940- ,Representative,Democrat,NC,114
Tom,PRICE,Representative  Tom PRICE,1954- ,Representative,Republican,GA,114
Mike,QUIGLEY,Representative  Mike QUIGLEY,1958- ,Representative,Democrat,IL,114
Charles B.,RANGEL,Representative  Charles B. RANGEL,1930- ,Representative,Democrat,NY,114
John,RATCLIFFE,Representative  John RATCLIFFE,1965- ,Representative,Republican,TX,114
Thomas W. II,REED,Representative  Thomas W. II REED,1971- ,Representative,Republican,NY,114
David G.,REICHERT,Representative  David G. REICHERT,1950- ,Representative,Republican,WA,114
Jim,RENACCI,Representative  Jim RENACCI,1958- ,Representative,Republican,OH,114
Reid,RIBBLE,Representative  Reid RIBBLE,1956- ,Representative,Republican,WI,114
Kathleen Maura,RICE,Representative  Kathleen Maura RICE,1965- ,Representative,Democrat,NY,114
Tom,RICE,Representative  Tom RICE,1957- ,Representative,Republican,SC,114
Cedric,RICHMOND,Representative  Cedric RICHMOND,1973- ,Representative,Democrat,LA,114
E. Scott,RIGELL,Representative  E. Scott RIGELL,1960- ,Representative,Republican,VA,114
Martha,ROBY,Representative  Martha ROBY,1976- ,Representative,Republican,AL,114
David P. (Phil),ROE,Representative  David P. (Phil) ROE,1945- ,Representative,Republican,TN,114
Harold Dallas (Hal),ROGERS,Representative  Harold Dallas (Hal) ROGERS,1937- ,Representative,Republican,KY,114
Mike Dennis,ROGERS,Representative  Mike Dennis ROGERS,1958- ,Representative,Republican,AL,114
Dana,ROHRABACHER,Representative  Dana ROHRABACHER,1947- ,Representative,Republican,CA,114
Todd,ROKITA,Representative  Todd ROKITA,1970- ,Representative,Republican,IN,114
Thomas J.,ROONEY,Representative  Thomas J. ROONEY,1970- ,Representative,Republican,FL,114
Peter,ROSKAM,Representative  Peter ROSKAM,1961- ,Representative,Republican,IL,114
Ileana,ROS-LEHTINEN,Representative  Ileana ROS-LEHTINEN,1952- ,Representative,Republican,FL,114
Dennis,ROSS,Representative  Dennis ROSS,1959- ,Representative,Republican,FL,114
Keith,ROTHFUS,Representative  Keith ROTHFUS,1962- ,Representative,Republican,PA,114
David,ROUZER,Representative  David ROUZER,1972- ,Representative,Republican,NC,114
Lucille,ROYBAL-ALLARD,Representative  Lucille ROYBAL-ALLARD,1941- ,Representative,Democrat,CA,114
Edward Randall,ROYCE,Representative  Edward Randall ROYCE,1951- ,Representative,Republican,CA,114
Raul,RUIZ,Representative  Raul RUIZ,1972- ,Representative,Democrat,CA,114
C. A. (Dutch),RUPPERSBERGER,Representative  C. A. (Dutch) RUPPERSBERGER,1946- ,Representative,Democrat,MD,114
Bobby L.,RUSH,Representative  Bobby L. RUSH,1946- ,Representative,Democrat,IL,114
Steve,RUSSELL,Representative  Steve RUSSELL,1963- ,Representative,Republican,OK,114
Paul D.,RYAN,Representative  Paul D. RYAN,1970- ,Representative,Republican,WI,114
Timothy J.,RYAN,Representative  Timothy J. RYAN,1973- ,Representative,Democrat,OH,114
Matthew James,SALMON,Representative  Matthew James SALMON,1958- ,Representative,Republican,AZ,114
Linda T.,SANCHEZ,Representative  Linda T. SANCHEZ,1969- ,Representative,Democrat,CA,114
Loretta,SANCHEZ,Representative  Loretta SANCHEZ,1960- ,Representative,Democrat,CA,114
Mark,SANFORD,Representative  Mark SANFORD,1960- ,Representative,Republican,SC,114
John,SARBANES,Representative  John SARBANES,1962- ,Representative,Democrat,MD,114
Steve,SCALISE,Representative  Steve SCALISE,1965- ,Representative,Republican,LA,114
Janice D.,SCHAKOWSKY,Representative  Janice D. SCHAKOWSKY,1944- ,Representative,Democrat,IL,114
Adam,SCHIFF,Representative  Adam SCHIFF,1960- ,Representative,Democrat,CA,114
Aaron,SCHOCK,Representative  Aaron SCHOCK,1981- ,Representative,Republican,IL,114
Kurt,SCHRADER,Representative  Kurt SCHRADER,1951- ,Representative,Democrat,OR,114
David,SCHWEIKERT,Representative  David SCHWEIKERT,1962- ,Representative,Republican,AZ,114
Austin,SCOTT,Representative  Austin SCOTT,1969- ,Representative,Republican,GA,114
David,SCOTT,Representative  David SCOTT,1945- ,Representative,Democrat,GA,114
Robert C.,SCOTT,Representative  Robert C. SCOTT,1947- ,Representative,Democrat,VA,114
Frank James,SENSENBRENNER Jr.,Representative  Frank James SENSENBRENNER Jr.,1943- ,Representative,Republican,WI,114
Jose E.,SERRANO,Representative  Jose E. SERRANO,1943- ,Representative,Democrat,NY,114
Pete,SESSIONS,Representative  Pete SESSIONS,1955- ,Representative,Republican,TX,114
Terri,SEWELL,Representative  Terri SEWELL,1965- ,Representative,Democrat,AL,114
Brad,SHERMAN,Representative  Brad SHERMAN,1954- ,Representative,Democrat,CA,114
John M.,SHIMKUS,Representative  John M. SHIMKUS,1958- ,Representative,Republican,IL,114
William (Bill),SHUSTER,Representative  William (Bill) SHUSTER,1961- ,Representative,Republican,PA,114
Michael K.,SIMPSON,Representative  Michael K. SIMPSON,1950- ,Representative,Republican,ID,114
Kyrsten,SINEMA,Representative  Kyrsten SINEMA,1976- ,Representative,Democrat,AZ,114
Albio,SIRES,Representative  Albio SIRES,1951- ,Representative,Democrat,NJ,114
Louise McIntosh,SLAUGHTER,Representative  Louise McIntosh SLAUGHTER,1929- ,Representative,Democrat,NY,114
Adam,SMITH,Representative  Adam SMITH,1965- ,Representative,Democrat,WA,114
Adrian,SMITH,Representative  Adrian SMITH,1970- ,Representative,Republican,NE,114
Christopher Henry,SMITH,Representative  Christopher Henry SMITH,1953- ,Representative,Republican,NJ,114
Jason,SMITH,Representative  Jason SMITH,1980- ,Representative,Republican,MO,114
Lamar Seeligson,SMITH,Representative  Lamar Seeligson SMITH,1947- ,Representative,Republican,TX,114
Karen Lorraine Jacqueline (Jackie),SPEIER,Representative  Karen Lorraine Jacqueline (Jackie) SPEIER,1950- ,Representative,Democrat,CA,114
Elise M,STEFANIK,Representative  Elise M STEFANIK,1984- ,Representative,Republican,NY,114
Chris,STEWART,Representative  Chris STEWART,1960- ,Representative,Republican,UT,114
Steve,STIVERS,Representative  Steve STIVERS,1965- ,Representative,Republican,OH,114
Marlin,STUTZMAN,Representative  Marlin STUTZMAN,1976- ,Representative,Republican,IN,114
Eric,SWALWELL,Representative  Eric SWALWELL,1980- ,Representative,Democrat,CA,114
Mark,TAKAI,Representative  Mark TAKAI,1967- ,Representative,Democrat,HI,114
Mark,TAKANO,Representative  Mark TAKANO,1960- ,Representative,Democrat,CA,114
Bennie,THOMPSON,Representative  Bennie THOMPSON,1948- ,Representative,Democrat,MS,114
Glenn,THOMPSON,Representative  Glenn THOMPSON,1959- ,Representative,Republican,PA,114
Michael,THOMPSON,Representative  Michael THOMPSON,1951- ,Representative,Democrat,CA,114
William McClellan (Mac),THORNBERRY,Representative  William McClellan (Mac) THORNBERRY,1958- ,Representative,Republican,TX,114
Patrick (Pat),TIBERI,Representative  Patrick (Pat) TIBERI,1962- ,Representative,Republican,OH,114
Scott,TIPTON,Representative  Scott TIPTON,1956- ,Representative,Republican,CO,114
Alice (Dina),TITUS,Representative  Alice (Dina) TITUS,1950- ,Representative,Democrat,NV,114
Paul,TONKO,Representative  Paul TONKO,1949- ,Representative,Democrat,NY,114
Norma Judith,TORRES,Representative  Norma Judith TORRES,1965- ,Representative,Democrat,CA,114
David A.,TROTT,Representative  David A. TROTT,1960- ,Representative,Republican,MI,114
Nicola S. (Niki),TSONGAS,Representative  Nicola S. (Niki) TSONGAS,1946- ,Representative,Democrat,MA,114
Michael R.,TURNER,Representative  Michael R. TURNER,1960- ,Representative,Republican,OH,114
Frederick Stephen,UPTON,Representative  Frederick Stephen UPTON,1953- ,Representative,Republican,MI,114
David G.,VALADAO,Representative  David G. VALADAO,1977- ,Representative,Republican,CA,114
Christopher,VAN HOLLEN,Representative  Christopher VAN HOLLEN,1959- ,Representative,Democrat,MD,114
Juan,VARGAS,Representative  Juan VARGAS,1961- ,Representative,Democrat,CA,114
Marc,VEASEY,Representative  Marc VEASEY,1971- ,Representative,Democrat,TX,114
Filemon,VELA,Representative  Filemon VELA,1963- ,Representative,Democrat,TX,114
Nydia M.,VELAZQUEZ,Representative  Nydia M. VELAZQUEZ,1953- ,Representative,Democrat,NY,114
Peter,VISCLOSKY,Representative  Peter VISCLOSKY,1949- ,Representative,Democrat,IN,114
Ann,WAGNER,Representative  Ann WAGNER,1962- ,Representative,Republican,MO,114
Tim,WALBERG,Representative  Tim WALBERG,1951- ,Representative,Republican,MI,114
Greg,WALDEN,Representative  Greg WALDEN,1957- ,Representative,Republican,OR,114
Bradley Mark,WALKER,Representative  Bradley Mark WALKER,1969- ,Representative,Republican,NC,114
Jackie,WALORSKI,Representative  Jackie WALORSKI,1963- ,Representative,Republican,IN,114
Mimi,WALTERS,Representative  Mimi WALTERS,1962- ,Representative,Republican,CA,114
Tim,WALZ,Representative  Tim WALZ,1964- ,Representative,Democrat,MN,114
Debbie,WASSERMAN SCHULTZ,Representative  Debbie WASSERMAN SCHULTZ,1966- ,Representative,Democrat,FL,114
Maxine,WATERS,Representative  Maxine WATERS,1938- ,Representative,Democrat,CA,114
Bonnie,WATSON COLEMAN,Representative  Bonnie WATSON COLEMAN,1945- ,Representative,Democrat,NJ,114
Randy,WEBER,Representative  Randy WEBER,1953- ,Representative,Republican,TX,114
Daniel A.,WEBSTER,Representative  Daniel A. WEBSTER,1949- ,Representative,Republican,FL,114
Peter,WELCH,Representative  Peter WELCH,1947- ,Representative,Democrat,VT,114
Brad,WENSTRUP,Representative  Brad WENSTRUP,1958- ,Representative,Republican,OH,114
Bruce Eugene,WESTERMAN,Representative  Bruce Eugene WESTERMAN,1967- ,Representative,Republican,AR,114
Lynn A.,WESTMORELAND,Representative  Lynn A. WESTMORELAND,1950- ,Representative,Republican,GA,114
Wayne Edward (Ed),WHITFIELD,Representative  Wayne Edward (Ed) WHITFIELD,1943- ,Representative,Republican,KY,114
Roger,WILLIAMS,Representative  Roger WILLIAMS,1949- ,Representative,Republican,TX,114
Addison Graves (Joe),WILSON,Representative  Addison Graves (Joe) WILSON,1947- ,Representative,Republican,SC,114
Frederica,WILSON,Representative  Frederica WILSON,1942- ,Representative,Democrat,FL,114
Robert J.,WITTMAN,Representative  Robert J. WITTMAN,1959- ,Representative,Republican,VA,114
Steve,WOMACK,Representative  Steve WOMACK,1957- ,Representative,Republican,AR,114
Rob,WOODALL,Representative  Rob WOODALL,1970- ,Representative,Republican,GA,114
John,YARMUTH,Representative  John YARMUTH,1947- ,Representative,Democrat,KY,114
Kevin,YODER,Representative  Kevin YODER,1976- ,Representative,Republican,KS,114
Ted,YOHO,Representative  Ted YOHO,1955- ,Representative,Republican,FL,114
David,YOUNG,Representative  David YOUNG,1968- ,Representative,Republican,IA,114
Donald Edwin,YOUNG,Representative  Donald Edwin YOUNG,1933- ,Representative,Republican,AK,114
Todd,YOUNG,Representative  Todd YOUNG,1972- ,Representative,Republican,IN,114
Lee M,ZELDIN,Representative  Lee M ZELDIN,1980- ,Representative,Republican,NY,114
Ryan,ZINKE,Representative  Ryan ZINKE,1961- ,Representative,Republican,MT,114
Lamar,ALEXANDER,Senator  Lamar ALEXANDER,1940- ,Senator,Republican,TN,114
Kelly,AYOTTE,Senator  Kelly AYOTTE,1968- ,Senator,Republican,NH,114
Tammy,BALDWIN,Senator  Tammy BALDWIN,1962- ,Senator,Democrat,WI,114
John A.,BARRASSO,Senator  John A. BARRASSO,1952- ,Senator,Republican,WY,114
Michael F.,BENNET,Senator  Michael F. BENNET,1964- ,Senator,Democrat,CO,114
Richard,BLUMENTHAL,Senator  Richard BLUMENTHAL,1946- ,Senator,Democrat,CT,114
Roy,BLUNT,Senator  Roy BLUNT,1950- ,Senator,Republican,MO,114
Cory Anthony,BOOKER,Senator  Cory Anthony BOOKER,1969- ,Senator,Democrat,NJ,114
John,BOOZMAN,Senator  John BOOZMAN,1950- ,Senator,Republican,AR,114
Barbara,BOXER,Senator  Barbara BOXER,1940- ,Senator,Democrat,CA,114
Sherrod,BROWN,Senator  Sherrod BROWN,1952- ,Senator,Democrat,OH,114
Richard M.,BURR,Senator  Richard M. BURR,1955- ,Senator,Republican,NC,114
Maria E.,CANTWELL,Senator  Maria E. CANTWELL,1958- ,Senator,Democrat,WA,114
Shelley Moore,CAPITO,Senator  Shelley Moore CAPITO,1953- ,Senator,Republican,WV,114
Benjamin Louis,CARDIN,Senator  Benjamin Louis CARDIN,1943- ,Senator,Democrat,MD,114
Thomas Richard,CARPER,Senator  Thomas Richard CARPER,1947- ,Senator,Democrat,DE,114
Robert (Bob),CASEY Jr.,Senator  Robert (Bob) CASEY Jr.,1960- ,Senator,Democrat,PA,114
Bill,CASSIDY,Senator  Bill CASSIDY,1957- ,Senator,Republican,LA,114
Daniel Ray,COATS,Senator  Daniel Ray COATS,1943- ,Senator,Republican,IN,114
William Thad,COCHRAN,Senator  William Thad COCHRAN,1937- ,Senator,Republican,MS,114
Susan Margaret,COLLINS,Senator  Susan Margaret COLLINS,1952- ,Senator,Republican,ME,114
Christopher A.,COONS,Senator  Christopher A. COONS,1963- ,Senator,Democrat,DE,114
Robert (Bob),CORKER,Senator  Robert (Bob) CORKER,1952- ,Senator,Republican,TN,114
John,CORNYN,Senator  John CORNYN,1952- ,Senator,Republican,TX,114
Tom,COTTON,Senator  Tom COTTON,1977- ,Senator,Republican,AR,114
Michael Dean,CRAPO,Senator  Michael Dean CRAPO,1951- ,Senator,Republican,ID,114
Rafael Edward (Ted),CRUZ,Senator  Rafael Edward (Ted) CRUZ,1970- ,Senator,Republican,TX,114
Steve,DAINES,Senator  Steve DAINES,1962- ,Senator,Republican,MT,114
Joe,DONNELLY,Senator  Joe DONNELLY,1955- ,Senator,Democrat,IN,114
Richard Joseph,DURBIN,Senator  Richard Joseph DURBIN,1944- ,Senator,Democrat,IL,114
Michael B.,ENZI,Senator  Michael B. ENZI,1944- ,Senator,Republican,WY,114
Joni,ERNST,Senator  Joni ERNST,1970- ,Senator,Republican,IA,114
Dianne,FEINSTEIN,Senator  Dianne FEINSTEIN,1933- ,Senator,Democrat,CA,114
Debra (Deb),FISCHER,Senator  Debra (Deb) FISCHER,1951- ,Senator,Republican,NE,114
Jeff,FLAKE,Senator  Jeff FLAKE,1962- ,Senator,Republican,AZ,114
Al,FRANKEN,Senator  Al FRANKEN,1951- ,Senator,Democrat,MN,114
Cory,GARDNER,Senator  Cory GARDNER,1974- ,Senator,Republican,CO,114
Kirsten,GILLIBRAND,Senator  Kirsten GILLIBRAND,1966- ,Senator,Democrat,NY,114
Lindsey O.,GRAHAM,Senator  Lindsey O. GRAHAM,1955- ,Senator,Republican,SC,114
Charles Ernest,GRASSLEY,Senator  Charles Ernest GRASSLEY,1933- ,Senator,Republican,IA,114
Orrin Grant,HATCH,Senator  Orrin Grant HATCH,1934- ,Senator,Republican,UT,114
Martin,HEINRICH,Senator  Martin HEINRICH,1971- ,Senator,Democrat,NM,114
Mary Kathryn (Heidi),HEITKAMP,Senator  Mary Kathryn (Heidi) HEITKAMP,1955- ,Senator,Democrat,ND,114
Dean,HELLER,Senator  Dean HELLER,1960- ,Senator,Republican,NV,114
Mazie,HIRONO,Senator  Mazie HIRONO,1947- ,Senator,Democrat,HI,114
John,HOEVEN,Senator  John HOEVEN,1957- ,Senator,Republican,ND,114
James Mountain,INHOFE,Senator  James Mountain INHOFE,1934- ,Senator,Republican,OK,114
Johnny,ISAKSON,Senator  Johnny ISAKSON,1944- ,Senator,Republican,GA,114
Ron,JOHNSON,Senator  Ron JOHNSON,1955- ,Senator,Republican,WI,114
Timothy Michael (Tim),KAINE,Senator  Timothy Michael (Tim) KAINE,1958- ,Senator,Democrat,VA,114
Angus Stanley,KING Jr.,Senator  Angus Stanley KING Jr.,1944- ,Senator,Independent,ME,114
Mark Steven,KIRK,Senator  Mark Steven KIRK,1959- ,Senator,Republican,IL,114
Amy,KLOBUCHAR,Senator  Amy KLOBUCHAR,1960- ,Senator,Democrat,MN,114
James,LANKFORD,Senator  James LANKFORD,1968- ,Senator,Republican,OK,114
Patrick Joseph,LEAHY,Senator  Patrick Joseph LEAHY,1940- ,Senator,Democrat,VT,114
Mike,LEE,Senator  Mike LEE,1971- ,Senator,Republican,UT,114
Joe,MANCHIN III,Senator  Joe MANCHIN III,1947- ,Senator,Democrat,WV,114
Edward John,MARKEY,Senator  Edward John MARKEY,1946- ,Senator,Democrat,MA,114
John Sidney,McCAIN III,Senator  John Sidney McCAIN III,1936- ,Senator,Republican,AZ,114
Claire,McCASKILL,Senator  Claire McCASKILL,1953- ,Senator,Democrat,MO,114
Addison Mitchell (Mitch),McCONNELL,Senator  Addison Mitchell (Mitch) McCONNELL,1942- ,Senator,Republican,KY,114
Robert,MENENDEZ,Senator  Robert MENENDEZ,1954- ,Senator,Democrat,NJ,114
Jeff,MERKLEY,Senator  Jeff MERKLEY,1956- ,Senator,Democrat,OR,114
Barbara Ann,MIKULSKI,Senator  Barbara Ann MIKULSKI,1936- ,Senator,Democrat,MD,114
Jerry,MORAN,Senator  Jerry MORAN,1954- ,Senator,Republican,KS,114
Lisa,MURKOWSKI,Senator  Lisa MURKOWSKI,1957- ,Senator,Republican,AK,114
Christopher,MURPHY,Senator  Christopher MURPHY,1973- ,Senator,Democrat,CT,114
Patty,MURRAY,Senator  Patty MURRAY,1950- ,Senator,Democrat,WA,114
Clarence William (Bill),NELSON,Senator  Clarence William (Bill) NELSON,1942- ,Senator,Democrat,FL,114
Rand,PAUL,Senator  Rand PAUL,1963- ,Senator,Republican,KY,114
David Alfred,PERDUE Jr.,Senator  David Alfred PERDUE Jr.,1949- ,Senator,Republican,GA,114
Gary C.,PETERS,Senator  Gary C. PETERS,1958- ,Senator,Democrat,MI,114
Robert Jones (Rob),PORTMAN,Senator  Robert Jones (Rob) PORTMAN,1955- ,Senator,Republican,OH,114
John F. (Jack),REED,Senator  John F. (Jack) REED,1949- ,Senator,Democrat,RI,114
Harry,REID,Senator  Harry REID,1939- ,Senator,Democrat,NV,114
James,RISCH,Senator  James RISCH,1943- ,Senator,Republican,ID,114
Charles Patrick (Pat),ROBERTS,Senator  Charles Patrick (Pat) ROBERTS,1936- ,Senator,Republican,KS,114
Marion Michael (Mike),ROUNDS,Senator  Marion Michael (Mike) ROUNDS,1954- ,Senator,Republican,SD,114
Marco,RUBIO,Senator  Marco RUBIO,1971- ,Senator,Republican,FL,114
Bernard,SANDERS,Senator  Bernard SANDERS,1941- ,Senator,Independent,VT,114
Benjamin Eric,SASSE,Senator  Benjamin Eric SASSE,1972- ,Senator,Republican,NE,114
Brian Emanuel,SCHATZ,Senator  Brian Emanuel SCHATZ,1972- ,Senator,Democrat,HI,114
Charles Ellis (Chuck),SCHUMER,Senator  Charles Ellis (Chuck) SCHUMER,1950- ,Senator,Democrat,NY,114
Tim,SCOTT,Senator  Tim SCOTT,1965- ,Senator,Republican,SC,114
Jefferson Beauregard III (Jeff),SESSIONS,Senator  Jefferson Beauregard III (Jeff) SESSIONS,1946- ,Senator,Republican,AL,114
Jeanne,SHAHEEN,Senator  Jeanne SHAHEEN,1947- ,Senator,Democrat,NH,114
Richard C.,SHELBY,Senator  Richard C. SHELBY,1934- ,Senator,Republican,AL,114
Deborah Ann,STABENOW,Senator  Deborah Ann STABENOW,1950- ,Senator,Democrat,MI,114
Daniel Scott,SULLIVAN,Senator  Daniel Scott SULLIVAN,1964- ,Senator,Republican,AK,114
Jon,TESTER,Senator  Jon TESTER,1956- ,Senator,Democrat,MT,114
John,THUNE,Senator  John THUNE,1961- ,Senator,Republican,SD,114
Thomas Roland (Thom),TILLIS,Senator  Thomas Roland (Thom) TILLIS,1960- ,Senator,Republican,NC,114
Patrick Joseph,TOOMEY,Senator  Patrick Joseph TOOMEY,1961- ,Senator,Republican,PA,114
Thomas (Tom),UDALL,Senator  Thomas (Tom) UDALL,1948- ,Senator,Democrat,NM,114
David,VITTER,Senator  David VITTER,1961- ,Senator,Republican,LA,114
Mark,WARNER,Senator  Mark WARNER,1954- ,Senator,Democrat,VA,114
Elizabeth,WARREN,Senator  Elizabeth WARREN,1949- ,Senator,Democrat,MA,114
Sheldon,WHITEHOUSE,Senator  Sheldon WHITEHOUSE,1955- ,Senator,Democrat,RI,114
Roger F.,WICKER,Senator  Roger F. WICKER,1951- ,Senator,Republican,MS,114
Ronald Lee,WYDEN,Senator  Ronald Lee WYDEN,1949- ,Senator,Democrat,OR,114
